{"cameraMode":{"drawMode":0,"name":"Shaded","section":"Shading Mode"},"sceneLighting":true,"audioPlay":false,"sceneViewState":{"showFog":true,"showMaterialUpdate":false,"showSkybox":true,"showFlares":true,"showImageEffects":true,"showParticleSystems":true},"in2DMode":false,"pivot":{"x":47.60869598388672,"y":0.49684545397758486,"z":10.094144821166993},"rotation":{"x":-0.11932311952114105,"y":0.6792420148849487,"z":-0.11331929266452789,"w":-0.7152287364006043},"size":5.492527961730957,"orthographic":false}